<application>
  <component name="libraryTable">
    <library name="cyberplayer" type="javaScript">
      <properties>
        <sourceFilesUrls>
          <item url="file://$APPLICATION_CONFIG_DIR$/javascript/extLibs/http_cdn.bdstatic.com_jwplayer_latest_cyberplayer.js" />
        </sourceFilesUrls>
      </properties>
      <CLASSES>
        <root url="file://$APPLICATION_CONFIG_DIR$/javascript/extLibs/http_cdn.bdstatic.com_jwplayer_latest_cyberplayer.js" />
      </CLASSES>
      <SOURCES />
    </library>
  </component>
</application>